[
    [
        
        {
            "groupName": "Öğretmen",
            "perms": [
                {
                    "perm": "NTF-000",
                    "description": "Bildirimler sayfa kökünü görüntüleyebilir."
                },
                {
                    "perm": "NTF-001",
                    "description": "Yeni Bildirim butonunu görüntüleyebilir."
                },
                {
                    "perm": "NTF-100",
                    "description": "Gönderilen Bildirimler sekmesini görüntüleyebilir."
                },
                {
                    "perm": "SUP-000",
                    "description": "Destek sayfa kökünü görüntüleyebilir."
                },
                {
                    "perm": "SUP-200",
                    "description": "Okul İletişim Bilgilerini görüntüleyebilir."
                },
                {
                    "perm": "CAL-000",
                    "description": "Takvim sayfa kökünü görüntüleyebilir."
                },
                {
                    "perm": "CAL-001",
                    "description": "Takvim üzerinde ödevleri görebilir."
                },
                {
                    "perm": "CAL-002",
                    "description": "Takvim üzerinde okul etkinliklerini görebilir."
                },
                {
                    "perm": "PRF-000",
                    "description": "Profil sayfa kökünü görüntüleyebilir."
                },
                {
                    "perm": "PRF-001",
                    "description": "Öğretmenin görmesi gereken bilgileri görüntüleyebilir."
                },
                {
                    "perm": "PRT-000",
                    "description": "Performans Takibi sayfasının kökünü görüntüleyebilir."
                },
                {
                    "perm": "PRT-100",
                    "description": "Sınıf Karşılaştırma ve Değerlendirme sekmesini görüntüleyebilir."
                },
                {
                    "perm": "PRT-001",
                    "description": "Öğrenci Detayını Görüntüle butonuyla etkileşime geçebilir."
                },
                {
                    "perm": "PRT-002",
                    "description": "Öğrenci Gelişim Analizi’ni görüntüleyebilir."
                },
                {
                    "perm": "PRT-003",
                    "description": "Öğrenci Soft-Skill Analizi’ni görüntüleyebilir."
                },
                {
                    "perm": "PRT-200",
                    "description": "Şube Karşılaştırma ve Değerlendirme sekmesini görüntüleyebilir."
                },
                {
                    "perm": "PRT-300",
                    "description": "Ödev Karşılaştırma ve Değerlendirme sekmesini görüntüleyebilir."
                },
                {
                    "perm": "IFB-000",
                    "description": "Bilgi Çantası sayfasının kökünü görüntüleyebilir."
                },
                {
                    "perm": "HMT-000",
                    "description": "Ödev Yönetimi sayfasının kökünü görüntüleyebilir."
                },
                {
                    "perm": "HMT-001",
                    "description": "Yeni Ödev Oluştur butonuyla etkileşime geçebilir."
                },
                {
                    "perm": "HMT-002",
                    "description": "Tüm sınıflardan öğrenci seçebilir."
                },
                {
                    "perm": "CLA-000",
                    "description": "Sınıflarım Sayfa Kökünü Görebilir."
                },
                {
                    "perm": "CLA-003",
                    "description": "Sınıfı Düzenleyebilir."
                }
            ],
            "roleTypeId": 2
        },
        {
            "groupName": "Müdür Yardımcısı",
            "perms": [
                {
                    "perm": "NTF-000",
                    "description": "Bildirimler sayfa kökünü görüntüleyebilir."
                },
                {
                    "perm": "NTF-001",
                    "description": "Yeni Bildirim butonunu görüntüleyebilir."
                },
                {
                    "perm": "NTF-100",
                    "description": "Gönderilen Bildirimler sekmesini görüntüleyebilir."
                },
                {
                    "perm": "SUP-000",
                    "description": "Destek sayfa kökünü görüntüleyebilir."
                },
                {
                    "perm": "CAL-000",
                    "description": "Takvim sayfa kökünü görüntüleyebilir."
                },
                {
                    "perm": "CAL-001",
                    "description": "Takvim üzerinde ödevleri görebilir."
                },
                {
                    "perm": "CAL-002",
                    "description": "Takvim üzerinde okul etkinliklerini görebilir."
                },
                {
                    "perm": "PRF-000",
                    "description": "Profil sayfa kökünü görüntüleyebilir."
                },
                {
                    "perm": "PRF-001",
                    "description": "Öğretmenin görmesi gereken bilgileri görüntüleyebilir."
                },
                {
                    "perm": "PRT-000",
                    "description": "Performans Takibi sayfasının kökünü görüntüleyebilir."
                },
                {
                    "perm": "PRT-100",
                    "description": "Sınıf Karşılaştırma ve Değerlendirme sekmesini görüntüleyebilir."
                },
                {
                    "perm": "PRT-001",
                    "description": "Öğrenci Detayını Görüntüle butonuyla etkileşime geçebilir."
                },
                {
                    "perm": "PRT-002",
                    "description": "Öğrenci Gelişim Analizi’ni görüntüleyebilir."
                },
                {
                    "perm": "PRT-003",
                    "description": "Öğrenci Soft-Skill Analizi’ni görüntüleyebilir."
                },
                {
                    "perm": "PRT-200",
                    "description": "Şube Karşılaştırma ve Değerlendirme sekmesini görüntüleyebilir."
                },
                {
                    "perm": "PRT-300",
                    "description": "Ödev Karşılaştırma ve Değerlendirme sekmesini görüntüleyebilir."
                },
                {
                    "perm": "IFB-000",
                    "description": "Bilgi Çantası sayfasının kökünü görüntüleyebilir."
                },
                {
                    "perm": "CLA-000",
                    "description": "Sınıflarım Sayfa Kökünü Görebilir."
                },
                {
                    "perm": "CLA-002",
                    "description": "Sınıf Ekleyebilir."
                },
                {
                    "perm": "CLA-003",
                    "description": "Sınıfı Düzenleyebilir."
                },
                {
                    "perm": "CLA-100",
                    "description": "Rededilmis Öğrencileri Görebilir."
                },
                {
                    "perm": "ADM-000",
                    "description": "Yönetim Paneli sayfasının kökünü görüntüleyebilir."
                },
            
                {
                    "perm": "ADM-200",
                    "description": "Okul Profili sekmesini görüntüleyebilir."
                },
                {
                    "perm": "ADM-300",
                    "description": "Ekip sekmesini görüntüleyebilir."
                },
                {
                    "perm": "ADM-301",
                    "description": "Kullanıcı Ekle butonuyla etkileşime geçebilir."
                },
                {
                    "perm": "ADM-302",
                    "description": "Kullanıcıyı Sil butonuyla etkileşime geçebilir."
                },
                {
                    "perm": "ADM-303",
                    "description": "1. Seviye İzinleri Atayabilir."
                },
                {
                    "perm": "ADM-304",
                    "description": "2. Seviye İzinleri Atayabilir."
                },
                {
                    "perm": "ADM-308",
                    "description": "Kullanıcı düzenleyebilir."
                },
                {
                    "perm": "ADM-400",
                    "description": "Okul Analizi sekmesini görüntüleyebilir."
                }
            ],
            "roleTypeId": 3
        },
        {
            "groupName": "Müdür",
            "perms": [
                {
                    "perm": "NTF-000",
                    "description": "Bildirimler sayfa kökünü görüntüleyebilir."
                },
                {
                    "perm": "NTF-001",
                    "description": "Yeni Bildirim butonunu görüntüleyebilir."
                },
                {
                    "perm": "NTF-100",
                    "description": "Gönderilen Bildirimler sekmesini görüntüleyebilir."
                },
                {
                    "perm": "SUP-000",
                    "description": "Destek sayfa kökünü görüntüleyebilir."
                },
                {
                    "perm": "CAL-000",
                    "description": "Takvim sayfa kökünü görüntüleyebilir."
                },
                {
                    "perm": "CAL-001",
                    "description": "Takvim üzerinde ödevleri görebilir."
                },
                {
                    "perm": "CAL-002",
                    "description": "Takvim üzerinde okul etkinliklerini görebilir."
                },
                {
                    "perm": "CLA-100",
                    "description": "Rededilmis Öğrencileri Görebilir."
                },
                {
                    "perm": "PRF-000",
                    "description": "Profil sayfa kökünü görüntüleyebilir."
                },
                {
                    "perm": "PRF-001",
                    "description": "Öğretmenin görmesi gereken bilgileri görüntüleyebilir."
                },
                {
                    "perm": "PRT-000",
                    "description": "Performans Takibi sayfasının kökünü görüntüleyebilir."
                },
                {
                    "perm": "PRT-100",
                    "description": "Sınıf Karşılaştırma ve Değerlendirme sekmesini görüntüleyebilir."
                },
                {
                    "perm": "PRT-001",
                    "description": "Öğrenci Detayını Görüntüle butonuyla etkileşime geçebilir."
                },
                {
                    "perm": "PRT-002",
                    "description": "Öğrenci Gelişim Analizi’ni görüntüleyebilir."
                },
                {
                    "perm": "PRT-003",
                    "description": "Öğrenci Soft-Skill Analizi’ni görüntüleyebilir."
                },
                {
                    "perm": "PRT-200",
                    "description": "Şube Karşılaştırma ve Değerlendirme sekmesini görüntüleyebilir."
                },
                {
                    "perm": "PRT-300",
                    "description": "Ödev Karşılaştırma ve Değerlendirme sekmesini görüntüleyebilir."
                },
                {
                    "perm": "IFB-000",
                    "description": "Bilgi Çantası sayfasının kökünü görüntüleyebilir."
                },
                {
                    "perm": "CLA-000",
                    "description": "Sınıflarım Sayfa Kökünü Görebilir."
                },
                {
                    "perm": "CLA-002",
                    "description": "Sınıf Ekleyebilir."
                },
                {
                    "perm": "CLA-003",
                    "description": "Sınıfı Düzenleyebilir."
                },
                {
                    "perm": "ADM-000",
                    "description": "Yönetim Paneli sayfasının kökünü görüntüleyebilir."
                },
                {
                    "perm": "ADM-100",
                    "description": "Tüm Okullar sekmesini görüntüleyebilir."
                },
                {
                    "perm": "ADM-200",
                    "description": "Okul Profili sekmesini görüntüleyebilir."
                },
                {
                    "perm": "ADM-300",
                    "description": "Ekip sekmesini görüntüleyebilir."
                },
                {
                    "perm": "ADM-301",
                    "description": "Kullanıcı Ekle butonuyla etkileşime geçebilir."
                },
                {
                    "perm": "ADM-302",
                    "description": "Kullanıcıyı Sil butonuyla etkileşime geçebilir."
                },
                {
                    "perm": "ADM-303",
                    "description": "1. Seviye İzinleri Atayabilir."
                },
                {
                    "perm": "ADM-304",
                    "description": "2. Seviye İzinleri Atayabilir."
                },
                {
                    "perm": "ADM-308",
                    "description": "Kullanıcı düzenleyebilir."
                },
                {
                    "perm": "ADM-400",
                    "description": "Okul Analizi sekmesini görüntüleyebilir."
                }
            ],
            "roleTypeId": 4
        },
        {
            "groupName": "Bölge Sorumlusu",
            "perms": [
                {
                    "perm": "NTF-000",
                    "description": "Bildirimler sayfa kökünü görüntüleyebilir."
                },
                {
                    "perm": "NTF-001",
                    "description": "Yeni Bildirim butonunu görüntüleyebilir."
                },
                {
                    "perm": "NTF-100",
                    "description": "Gönderilen Bildirimler sekmesini görüntüleyebilir."
                },
                {
                    "perm": "SUP-000",
                    "description": "Destek sayfa kökünü görüntüleyebilir."
                },
                {
                    "perm": "CAL-000",
                    "description": "Takvim sayfa kökünü görüntüleyebilir."
                },
                {
                    "perm": "CAL-001",
                    "description": "Takvim üzerinde ödevleri görebilir."
                },
                {
                    "perm": "CAL-002",
                    "description": "Takvim üzerinde okul etkinliklerini görebilir."
                },
                {
                    "perm": "PRF-000",
                    "description": "Profil sayfa kökünü görüntüleyebilir."
                },
                {
                    "perm": "PRT-000",
                    "description": "Performans Takibi sayfasının kökünü görüntüleyebilir."
                },
                {
                    "perm": "PRT-100",
                    "description": "Sınıf Karşılaştırma ve Değerlendirme sekmesini görüntüleyebilir."
                },
                {
                    "perm": "PRT-200",
                    "description": "Şube Karşılaştırma ve Değerlendirme sekmesini görüntüleyebilir."
                },
                {
                    "perm": "PRT-300",
                    "description": "Ödev Karşılaştırma ve Değerlendirme sekmesini görüntüleyebilir."
                },
                {
                    "perm": "IFB-000",
                    "description": "Bilgi Çantası sayfasının kökünü görüntüleyebilir."
                },
                {
                    "perm": "ADM-000",
                    "description": "Yönetim Paneli sayfasının kökünü görüntüleyebilir."
                },
                {
                    "perm": "ADM-100",
                    "description": "Tüm Okullar sekmesini görüntüleyebilir."
                },
                {
                    "perm": "ADM-101",
                    "description": "Okul Ekle butonuyla etkileşime geçebilir."
                },
                {
                    "perm": "ADM-102",
                    "description": "Okul Profili’ni düzenlemek için Düzenle butonuyla etkileşime geçebilir."
                },
               
                {
                    "perm": "ADM-200",
                    "description": "Okul Profili sekmesini görüntüleyebilir."
                },
                {
                    "perm": "ADM-300",
                    "description": "Ekip sekmesini görüntüleyebilir."
                },
                {
                    "perm": "ADM-301",
                    "description": "Kullanıcı Ekle butonuyla etkileşime geçebilir."
                },
                {
                    "perm": "ADM-302",
                    "description": "Kullanıcıyı Sil butonuyla etkileşime geçebilir."
                },
                {
                    "perm": "ADM-303",
                    "description": "1. Seviye İzinleri Atayabilir."
                },
                {
                    "perm": "ADM-304",
                    "description": "2. Seviye İzinleri Atayabilir."
                },
                {
                    "perm": "ADM-305",
                    "description": "3. Seviye İzinleri Atayabilir."
                },
                {
                    "perm": "ADM-306",
                    "description": "4. Seviye İzinleri Atayabilir."
                },
                {
                    "perm": "ADM-308",
                    "description": "Kullanıcı düzenleyebilir."
                },
                {
                    "perm": "ADM-400",
                    "description": "Okul Analizi sekmesini görüntüleyebilir."
                },
                {
                    "perm": "ADM-500",
                    "description": "Zincir Analizi sekmesini görüntüleyebilir."
                }
            ],
            "roleTypeId": 5
        }
    ],
    [
        {
            "perm": "NTF-000",
            "description": "Bildirimler sayfa kökünü görüntüleyebilir."
        },
        {
            "perm": "NTF-001",
            "description": "Yeni Bildirim butonunu görüntüleyebilir."
        },
        {
            "perm": "NTF-002",
            "description": "Tüm sınıflardaki öğrencileri seçebilir."
        },
        {
            "perm": "NTF-100",
            "description": "Gönderilen Bildirimler sekmesini görüntüleyebilir."
        },
        {
            "perm": "MYH-000",
            "description": "Ödevlerim sayfa kökünü görüntüleyebilir."
        },
        {
            "perm": "SUP-000",
            "description": "Destek sayfa kökünü görüntüleyebilir."
        },
        {
            "perm": "SUP-100",
            "description": "Öğretmen İletişim Bilgilerini görüntüleyebilir."
        },
        {
            "perm": "SUP-200",
            "description": "Okul İletişim Bilgilerini görüntüleyebilir."
        },
        {
            "perm": "CAL-000",
            "description": "Takvim sayfa kökünü görüntüleyebilir."
        },
        {
            "perm": "CAL-001",
            "description": "Takvim üzerinde ödevleri görebilir."
        },
        {
            "perm": "CAL-002",
            "description": "Takvim üzerinde okul etkinliklerini görebilir."
        },
        {
            "perm": "MYD-000",
            "description": "Gelişimim sayfa kökünü görüntüleyebilir."
        },
        {
            "perm": "MYD-100",
            "description": "Yaşam Döngüsü sekmesini görüntüleyebilir."
        },
        {
            "perm": "PRF-000",
            "description": "Profil sayfa kökünü görüntüleyebilir."
        },
        {
            "perm": "PRF-001",
            "description": "Öğretmenin görmesi gereken bilgileri görüntüleyebilir."
        },
        {
            "perm": "PRF-002",
            "description": "Öğrencinin görmesi gereken bilgileri görüntüleyebilir."
        },
        {
            "perm": "PRF-003",
            "description": "RitimUS ekibinin görmesi gereken bilgileri görüntüleyebilir."
        },
        {
            "perm": "PRT-000",
            "description": "Performans Takibi sayfasının kökünü görüntüleyebilir."
        },
        {
            "perm": "PRT-100",
            "description": "Sınıf Karşılaştırma ve Değerlendirme sekmesini görüntüleyebilir."
        },
        {
            "perm": "PRT-200",
            "description": "Şube Karşılaştırma ve Değerlendirme sekmesini görüntüleyebilir."
        },
        {
            "perm": "PRT-300",
            "description": "Ödev Karşılaştırma ve Değerlendirme sekmesini görüntüleyebilir."
        },
        {
            "perm": "PRT-001",
            "description": "Öğrenci Detayını Görüntüle butonuyla etkileşime geçebilir."
        },
        {
            "perm": "PRT-002",
            "description": "Öğrenci Gelişim Analizi’ni görüntüleyebilir."
        },
        {
            "perm": "PRT-003",
            "description": "Öğrenci Soft-Skill Analizi’ni görüntüleyebilir."
        },
        {
            "perm": "HMT-000",
            "description": "Ödev Yönetimi sayfasının kökünü görüntüleyebilir."
        },
        {
            "perm": "HMT-001",
            "description": "Yeni Ödev Oluştur butonuyla etkileşime geçebilir."
        },
        {
            "perm": "HMT-002",
            "description": "Tüm sınıflardan öğrenci seçebilir."
        },
        {
            "perm": "ADM-000",
            "description": "Yönetim Paneli sayfasının kökünü görüntüleyebilir."
        },
        {
            "perm": "ADM-100",
            "description": "Tüm Okullar sekmesini görüntüleyebilir."
        },
        {
            "perm": "ADM-101",
            "description": "Okul Ekle butonuyla etkileşime geçebilir."
        },
        {
            "perm": "ADM-102",
            "description": "Okul Profili’ni düzenlemek için Düzenle butonuyla etkileşime geçebilir."
        },
        {
            "perm": "ADM-200",
            "description": "Okul Profili sekmesini görüntüleyebilir."
        },
        {
            "perm": "ADM-201",
            "description": "Düzenle butonuyla etkileşime geçerek okul profilini düzenleyebilir."
        },
        {
            "perm": "ADM-300",
            "description": "Ekip sekmesini görüntüleyebilir."
        },
        {
            "perm": "ADM-301",
            "description": "Kullanıcı Ekle butonuyla etkileşime geçebilir."
        },
        {
            "perm": "ADM-302",
            "description": "Kullanıcıyı Sil butonuyla etkileşime geçebilir."
        },
        {
            "perm": "ADM-303",
            "description": "1. Seviye İzinleri Atayabilir."
        },
        {
            "perm": "ADM-304",
            "description": "2. Seviye İzinleri Atayabilir."
        },
        {
            "perm": "ADM-305",
            "description": "3. Seviye İzinleri Atayabilir."
        },
        {
            "perm": "ADM-306",
            "description": "4. Seviye İzinleri Atayabilir."
        },
        {
            "perm": "ADM-307",
            "description": "Admin İzinleri Atayabilir."
        },
        {
            "perm": "ADM-308",
            "description": "Kullanıcı düzenleyebilir."
        },
        {
            "perm": "ADM-400",
            "description": "Okul Analizi sekmesini görüntüleyebilir."
        },
        {
            "perm": "ADM-500",
            "description": "Zincir Analizi sekmesini görüntüleyebilir."
        },
        {
            "perm": "LOG-000",
            "description": "Kayıt Defteri sayfasının kökünü görüntüleyebilir."
        },
        {
            "perm": "IFB-000",
            "description": "Bilgi Çantası sayfasının kökünü görüntüleyebilir."
        },
        {
            "perm": "GAM-000",
            "description": "RitimUS Admin Oyun Yönetimi sayfasının kökünü görüntüleyebilir."
        },
        {
            "perm": "GAM-001",
            "description": "Oyun Ekle butonuyla etkileşime geçebilir."
        },
        {
            "perm": "GAM-002",
            "description": "Temel Bilgileri Düzenle butonuyla etkileşime geçebilir."
        },
        {
            "perm": "GAM-003",
            "description": "AssetBundle Yükle butonuyla etkileşime geçebilir."
        },
        {
            "perm": "GAM-004",
            "description": "AssetBundle Onayla butonuyla etkileşime geçebilir."
        },
        {
            "perm": "GAM-005",
            "description": "Zeka, Problem Çözme ve Soft-Skilleri Düzenleme butonuyla etkileşime geçebilir."
        },
        {
            "perm": "GAM-006",
            "description": "Oyunu Sil butonunu görüntüleyebilir."
        },
        {
            "perm": "MOD-000",
            "description": "RitimUS Kullanıcı Moderasyon sayfasının kökünü görüntüleyebilir."
        },
        {
            "perm": "MOD-001",
            "description": "Kullanıcı Ekle butonuyla etkileşime geçebilir."
        },
        {
            "perm": "MOD-002",
            "description": "Kullanıcı Bilgilerini Düzenle butonuyla etkileşime geçebilir."
        },
        {
            "perm": "MOD-003",
            "description": "Kullanıcıyı Deaktif Et butonuyla etkileşime geçebilir."
        },
        {
            "perm": "MOD-004",
            "description": "Kullancıya Bildirim Gönder butonuyla etkileşime geçebilir."
        },
        {
            "perm": "MOD-005",
            "description": "Kullanıcı Performans Analizini Görüntüle butonuyla etkileşime geçebilir."
        },
        {
            "perm": "MOD-006",
            "description": "Kullanıcı Bilgilerini Sil butonunu görüntüleyebilir."
        },
        {
            "perm": "AVT-000",
            "description": "Avatar Yönetimi sayfasının kökünü görüntüleyebilir."
        },
        {
            "perm": "AVT-001",
            "description": "Avatar Objesi Ekle butonuyla etkileşime geçebilir."
        },
        {
            "perm": "AVT-002",
            "description": "Avatar Objesinin detaylarını düzenleme butonuyla etkileşime geçebilir."
        },
        {
            "perm": "ACT-000",
            "description": "Aktivasyon Yönetimi sayfasının kökünü görüntüleyebilir."
        },
        {
            "perm": "ACT-001",
            "description": "Aktivasyon Kodu Ekle butonuyla etkileşime geçebilir."
        },
        {
            "perm": "ACT-002",
            "description": "Aktivasyon Kodunu Deaktif Et butonuyla etkileşime geçebilir."
        },
        {
            "perm": "ACT-003",
            "description": "İlgili Aktivasyonları Durdur butonunu görüntüleyebilir."
        },
        {
            "perm": "CLA-000",
            "description": "Sınıflarım Sayfa Kökünü Görebilir."
        },
        {
            "perm": "CLA-002",
            "description": "Sınıf Ekleyebilir."
        },
        {
            "perm": "CLA-003",
            "description": "Sınıfı Düzenleyebilir."
        },
        {
            "perm": "CLA-100",
            "description": "Rededilmis Öğrencileri Görebilir."
        },
        {
            "perm": "SEC-100",
            "description": "Aktif öğrenci seçebilir."
        },
        {
            "perm": "SEC-200",
            "description": "Aktif okul seçebilir."
        }
    ],
    {
        "groupName": "Veli",
        "perms": [
            {
                "perm": "NTF-000",
                "description": "Bildirimler sayfa kökünü görüntüleyebilir."
            },
            {
                "perm": "MYH-000",
                "description": "Ödevlerim sayfa kökünü görüntüleyebilir."
            },
            {
                "perm": "SUP-000",
                "description": "Destek sayfa kökünü görüntüleyebilir."
            },
            {
                "perm": "SUP-100",
                "description": "Öğretmen İletişim Bilgilerini görüntüleyebilir."
            },
            {
                "perm": "SUP-200",
                "description": "Okul İletişim Bilgilerini görüntüleyebilir."
            },
            {
                "perm": "CAL-000",
                "description": "Takvim sayfa kökünü görüntüleyebilir."
            },
            {
                "perm": "CAL-001",
                "description": "Takvim üzerinde ödevleri görebilir."
            },
            {
                "perm": "CAL-002",
                "description": "Takvim üzerinde okul etkinliklerini görebilir."
            },
            {
                "perm": "MYD-000",
                "description": "Gelişimim sayfa kökünü görüntüleyebilir."
            },
            {
                "perm": "PRF-000",
                "description": "Profil sayfa kökünü görüntüleyebilir."
            },
            {
                "perm": "PRT-000",
                "description": "Performans Takibi sayfasının kökünü görüntüleyebilir."
            },
            {
                "perm": "PRT-100",
                "description": "Sınıf Karşılaştırma ve Değerlendirme sekmesini görüntüleyebilir."
            },
            {
                "perm": "PRT-001",
                "description": "Öğrenci Detayını Görüntüle butonuyla etkileşime geçebilir."
            },
            {
                "perm": "PRT-002",
                "description": "Öğrenci Gelişim Analizi’ni görüntüleyebilir."
            },
            {
                "perm": "PRT-003",
                "description": "Öğrenci Soft-Skill Analizi’ni görüntüleyebilir."
            },
            {
                "perm": "IFB-000",
                "description": "Bilgi Çantası sayfasının kökünü görüntüleyebilir."
            }
        ],
        "roleTypeId": 1
    },
    [
        {
            "perm": "ADM-103",
            "description": "Aktif Okul Seç butonuyla etkileşime geçerek detayını görüntülediği okulu aktif okul yapabilir."
        }
    ]
]